ImageNumber,ObjectNumber,Metadata_FileLocation,Metadata_Frame,Metadata_Series,Metadata_channel,Metadata_image,Metadata_substrate,Metadata_time,Metadata_timepoint,FileName_GFP,PathName_GFP,Location_Center_X,Location_Center_Y,Number_Object_Number
4,1,file:/Users/pryder/GitHub/pearlryder_projects/2021_01_14_FibrilAnalysis_RIT_GaborskiLab/data/Batch_2/hr_12/HP05/04/12hr_w2GFP.TIF,0,0,GFP,04,HP05,hr_12,12hr,12hr_w2GFP.TIF,/Users/pryder/GitHub/pearlryder_projects/2021_01_14_FibrilAnalysis_RIT_GaborskiLab/data/Batch_2/hr_12/HP05/04,195.4558607408909,457.70714032331625,1
6,1,file:/Users/pryder/GitHub/pearlryder_projects/2021_01_14_FibrilAnalysis_RIT_GaborskiLab/data/Batch_2/hr_12/HP05/06/12hr_w2GFP.TIF,0,0,GFP,06,HP05,hr_12,12hr,12hr_w2GFP.TIF,/Users/pryder/GitHub/pearlryder_projects/2021_01_14_FibrilAnalysis_RIT_GaborskiLab/data/Batch_2/hr_12/HP05/06,885.2506803355079,168.33452003727865,1
6,2,file:/Users/pryder/GitHub/pearlryder_projects/2021_01_14_FibrilAnalysis_RIT_GaborskiLab/data/Batch_2/hr_12/HP05/06/12hr_w2GFP.TIF,0,0,GFP,06,HP05,hr_12,12hr,12hr_w2GFP.TIF,/Users/pryder/GitHub/pearlryder_projects/2021_01_14_FibrilAnalysis_RIT_GaborskiLab/data/Batch_2/hr_12/HP05/06,633.4802647190655,686.0668916602948,2
9,1,file:/Users/pryder/GitHub/pearlryder_projects/2021_01_14_FibrilAnalysis_RIT_GaborskiLab/data/Batch_2/hr_12/HP05/10/12hr_w2GFP.TIF,0,0,GFP,10,HP05,hr_12,12hr,12hr_w2GFP.TIF,/Users/pryder/GitHub/pearlryder_projects/2021_01_14_FibrilAnalysis_RIT_GaborskiLab/data/Batch_2/hr_12/HP05/10,335.5619610877736,597.288543739406,1
9,2,file:/Users/pryder/GitHub/pearlryder_projects/2021_01_14_FibrilAnalysis_RIT_GaborskiLab/data/Batch_2/hr_12/HP05/10/12hr_w2GFP.TIF,0,0,GFP,10,HP05,hr_12,12hr,12hr_w2GFP.TIF,/Users/pryder/GitHub/pearlryder_projects/2021_01_14_FibrilAnalysis_RIT_GaborskiLab/data/Batch_2/hr_12/HP05/10,560.1229934724648,632.3500413717018,2
9,3,file:/Users/pryder/GitHub/pearlryder_projects/2021_01_14_FibrilAnalysis_RIT_GaborskiLab/data/Batch_2/hr_12/HP05/10/12hr_w2GFP.TIF,0,0,GFP,10,HP05,hr_12,12hr,12hr_w2GFP.TIF,/Users/pryder/GitHub/pearlryder_projects/2021_01_14_FibrilAnalysis_RIT_GaborskiLab/data/Batch_2/hr_12/HP05/10,604.4366242924747,954.3266215087687,3
11,1,file:/Users/pryder/GitHub/pearlryder_projects/2021_01_14_FibrilAnalysis_RIT_GaborskiLab/data/Batch_2/hr_12/HP05/12/12hr_w2GFP.TIF,0,0,GFP,12,HP05,hr_12,12hr,12hr_w2GFP.TIF,/Users/pryder/GitHub/pearlryder_projects/2021_01_14_FibrilAnalysis_RIT_GaborskiLab/data/Batch_2/hr_12/HP05/12,544.2358385876419,217.5473896595208,1
11,2,file:/Users/pryder/GitHub/pearlryder_projects/2021_01_14_FibrilAnalysis_RIT_GaborskiLab/data/Batch_2/hr_12/HP05/12/12hr_w2GFP.TIF,0,0,GFP,12,HP05,hr_12,12hr,12hr_w2GFP.TIF,/Users/pryder/GitHub/pearlryder_projects/2021_01_14_FibrilAnalysis_RIT_GaborskiLab/data/Batch_2/hr_12/HP05/12,419.31737232729887,335.8405679662609,2
11,3,file:/Users/pryder/GitHub/pearlryder_projects/2021_01_14_FibrilAnalysis_RIT_GaborskiLab/data/Batch_2/hr_12/HP05/12/12hr_w2GFP.TIF,0,0,GFP,12,HP05,hr_12,12hr,12hr_w2GFP.TIF,/Users/pryder/GitHub/pearlryder_projects/2021_01_14_FibrilAnalysis_RIT_GaborskiLab/data/Batch_2/hr_12/HP05/12,784.5271443778363,534.2690066670401,3
12,1,file:/Users/pryder/GitHub/pearlryder_projects/2021_01_14_FibrilAnalysis_RIT_GaborskiLab/data/Batch_2/hr_12/HP05/13/12hr_w2GFP.TIF,0,0,GFP,13,HP05,hr_12,12hr,12hr_w2GFP.TIF,/Users/pryder/GitHub/pearlryder_projects/2021_01_14_FibrilAnalysis_RIT_GaborskiLab/data/Batch_2/hr_12/HP05/13,825.5610940315912,118.59272765822114,1
12,2,file:/Users/pryder/GitHub/pearlryder_projects/2021_01_14_FibrilAnalysis_RIT_GaborskiLab/data/Batch_2/hr_12/HP05/13/12hr_w2GFP.TIF,0,0,GFP,13,HP05,hr_12,12hr,12hr_w2GFP.TIF,/Users/pryder/GitHub/pearlryder_projects/2021_01_14_FibrilAnalysis_RIT_GaborskiLab/data/Batch_2/hr_12/HP05/13,890.771122386677,769.8280944059625,2
13,1,file:/Users/pryder/GitHub/pearlryder_projects/2021_01_14_FibrilAnalysis_RIT_GaborskiLab/data/Batch_2/hr_12/HP05/14/12hr_w2GFP.TIF,0,0,GFP,14,HP05,hr_12,12hr,12hr_w2GFP.TIF,/Users/pryder/GitHub/pearlryder_projects/2021_01_14_FibrilAnalysis_RIT_GaborskiLab/data/Batch_2/hr_12/HP05/14,269.2472401103956,204.5543132120869,1
13,2,file:/Users/pryder/GitHub/pearlryder_projects/2021_01_14_FibrilAnalysis_RIT_GaborskiLab/data/Batch_2/hr_12/HP05/14/12hr_w2GFP.TIF,0,0,GFP,14,HP05,hr_12,12hr,12hr_w2GFP.TIF,/Users/pryder/GitHub/pearlryder_projects/2021_01_14_FibrilAnalysis_RIT_GaborskiLab/data/Batch_2/hr_12/HP05/14,591.1851185037889,249.6872413607782,2
14,1,file:/Users/pryder/GitHub/pearlryder_projects/2021_01_14_FibrilAnalysis_RIT_GaborskiLab/data/Batch_2/hr_12/HP05/15/12hr_w2GFP.TIF,0,0,GFP,15,HP05,hr_12,12hr,12hr_w2GFP.TIF,/Users/pryder/GitHub/pearlryder_projects/2021_01_14_FibrilAnalysis_RIT_GaborskiLab/data/Batch_2/hr_12/HP05/15,326.7114358704636,53.308625741979114,1
16,1,file:/Users/pryder/GitHub/pearlryder_projects/2021_01_14_FibrilAnalysis_RIT_GaborskiLab/data/Batch_2/hr_12/HP3/02/12hr_w2GFP.TIF,0,0,GFP,02,HP3,hr_12,12hr,12hr_w2GFP.TIF,/Users/pryder/GitHub/pearlryder_projects/2021_01_14_FibrilAnalysis_RIT_GaborskiLab/data/Batch_2/hr_12/HP3/02,705.491325803268,399.6554227437219,1
17,1,file:/Users/pryder/GitHub/pearlryder_projects/2021_01_14_FibrilAnalysis_RIT_GaborskiLab/data/Batch_2/hr_12/HP3/03/12hr_w2GFP.TIF,0,0,GFP,03,HP3,hr_12,12hr,12hr_w2GFP.TIF,/Users/pryder/GitHub/pearlryder_projects/2021_01_14_FibrilAnalysis_RIT_GaborskiLab/data/Batch_2/hr_12/HP3/03,264.4328584276045,952.9229895394519,1
18,1,file:/Users/pryder/GitHub/pearlryder_projects/2021_01_14_FibrilAnalysis_RIT_GaborskiLab/data/Batch_2/hr_12/HP3/04/12hr_w2GFP.TIF,0,0,GFP,04,HP3,hr_12,12hr,12hr_w2GFP.TIF,/Users/pryder/GitHub/pearlryder_projects/2021_01_14_FibrilAnalysis_RIT_GaborskiLab/data/Batch_2/hr_12/HP3/04,868.6699948067612,167.86914713618012,1
18,2,file:/Users/pryder/GitHub/pearlryder_projects/2021_01_14_FibrilAnalysis_RIT_GaborskiLab/data/Batch_2/hr_12/HP3/04/12hr_w2GFP.TIF,0,0,GFP,04,HP3,hr_12,12hr,12hr_w2GFP.TIF,/Users/pryder/GitHub/pearlryder_projects/2021_01_14_FibrilAnalysis_RIT_GaborskiLab/data/Batch_2/hr_12/HP3/04,86.28952281912505,714.9378648578383,2
19,1,file:/Users/pryder/GitHub/pearlryder_projects/2021_01_14_FibrilAnalysis_RIT_GaborskiLab/data/Batch_2/hr_12/HP3/05/12hr_w2GFP.TIF,0,0,GFP,05,HP3,hr_12,12hr,12hr_w2GFP.TIF,/Users/pryder/GitHub/pearlryder_projects/2021_01_14_FibrilAnalysis_RIT_GaborskiLab/data/Batch_2/hr_12/HP3/05,954.7632184836611,189.202003473765,1
21,1,file:/Users/pryder/GitHub/pearlryder_projects/2021_01_14_FibrilAnalysis_RIT_GaborskiLab/data/Batch_2/hr_12/HP3/07/12hr_w2GFP.TIF,0,0,GFP,07,HP3,hr_12,12hr,12hr_w2GFP.TIF,/Users/pryder/GitHub/pearlryder_projects/2021_01_14_FibrilAnalysis_RIT_GaborskiLab/data/Batch_2/hr_12/HP3/07,633.0440270409036,685.035919048434,1
23,1,file:/Users/pryder/GitHub/pearlryder_projects/2021_01_14_FibrilAnalysis_RIT_GaborskiLab/data/Batch_2/hr_12/HP3/09/12hr_w2GFP.TIF,0,0,GFP,09,HP3,hr_12,12hr,12hr_w2GFP.TIF,/Users/pryder/GitHub/pearlryder_projects/2021_01_14_FibrilAnalysis_RIT_GaborskiLab/data/Batch_2/hr_12/HP3/09,239.2040220374949,532.9411879222068,1
25,1,file:/Users/pryder/GitHub/pearlryder_projects/2021_01_14_FibrilAnalysis_RIT_GaborskiLab/data/Batch_2/hr_12/HP3/11/12hr_w2GFP.TIF,0,0,GFP,11,HP3,hr_12,12hr,12hr_w2GFP.TIF,/Users/pryder/GitHub/pearlryder_projects/2021_01_14_FibrilAnalysis_RIT_GaborskiLab/data/Batch_2/hr_12/HP3/11,888.2943872823914,331.15392305066564,1
34,1,file:/Users/pryder/GitHub/pearlryder_projects/2021_01_14_FibrilAnalysis_RIT_GaborskiLab/data/Batch_2/hr_12/HP3/20/12hr_w2GFP.TIF,0,0,GFP,20,HP3,hr_12,12hr,12hr_w2GFP.TIF,/Users/pryder/GitHub/pearlryder_projects/2021_01_14_FibrilAnalysis_RIT_GaborskiLab/data/Batch_2/hr_12/HP3/20,654.157516863688,441.5561009817672,1
37,1,file:/Users/pryder/GitHub/pearlryder_projects/2021_01_14_FibrilAnalysis_RIT_GaborskiLab/data/Batch_2/hr_12/NP/01/12hr_w2GFP.TIF,0,0,GFP,01,NP,hr_12,12hr,12hr_w2GFP.TIF,/Users/pryder/GitHub/pearlryder_projects/2021_01_14_FibrilAnalysis_RIT_GaborskiLab/data/Batch_2/hr_12/NP/01,868.0646759462101,839.8745070944693,1
46,1,file:/Users/pryder/GitHub/pearlryder_projects/2021_01_14_FibrilAnalysis_RIT_GaborskiLab/data/Batch_2/hr_12/NP/10/12hr_w2GFP.TIF,0,0,GFP,10,NP,hr_12,12hr,12hr_w2GFP.TIF,/Users/pryder/GitHub/pearlryder_projects/2021_01_14_FibrilAnalysis_RIT_GaborskiLab/data/Batch_2/hr_12/NP/10,525.8712332794355,267.00180067617225,1
63,1,file:/Users/pryder/GitHub/pearlryder_projects/2021_01_14_FibrilAnalysis_RIT_GaborskiLab/data/Batch_2/hr_24/HP05_A/04/24hr_w2GFP.TIF,0,0,GFP,04,HP05_A,hr_24,24hr,24hr_w2GFP.TIF,/Users/pryder/GitHub/pearlryder_projects/2021_01_14_FibrilAnalysis_RIT_GaborskiLab/data/Batch_2/hr_24/HP05_A/04,912.9146227417641,718.3062699256111,1
69,1,file:/Users/pryder/GitHub/pearlryder_projects/2021_01_14_FibrilAnalysis_RIT_GaborskiLab/data/Batch_2/hr_24/HP05_A/10/24hr_w2GFP.TIF,0,0,GFP,10,HP05_A,hr_24,24hr,24hr_w2GFP.TIF,/Users/pryder/GitHub/pearlryder_projects/2021_01_14_FibrilAnalysis_RIT_GaborskiLab/data/Batch_2/hr_24/HP05_A/10,942.8531565742185,770.7037024479555,1
73,1,file:/Users/pryder/GitHub/pearlryder_projects/2021_01_14_FibrilAnalysis_RIT_GaborskiLab/data/Batch_2/hr_24/HP05_A/14/24hr_w2GFP.TIF,0,0,GFP,14,HP05_A,hr_24,24hr,24hr_w2GFP.TIF,/Users/pryder/GitHub/pearlryder_projects/2021_01_14_FibrilAnalysis_RIT_GaborskiLab/data/Batch_2/hr_24/HP05_A/14,834.7646305145786,197.84926241429463,1
74,1,file:/Users/pryder/GitHub/pearlryder_projects/2021_01_14_FibrilAnalysis_RIT_GaborskiLab/data/Batch_2/hr_24/HP05_A/15/24hr_w2GFP.TIF,0,0,GFP,15,HP05_A,hr_24,24hr,24hr_w2GFP.TIF,/Users/pryder/GitHub/pearlryder_projects/2021_01_14_FibrilAnalysis_RIT_GaborskiLab/data/Batch_2/hr_24/HP05_A/15,950.6896935685016,104.0184393372528,1
74,2,file:/Users/pryder/GitHub/pearlryder_projects/2021_01_14_FibrilAnalysis_RIT_GaborskiLab/data/Batch_2/hr_24/HP05_A/15/24hr_w2GFP.TIF,0,0,GFP,15,HP05_A,hr_24,24hr,24hr_w2GFP.TIF,/Users/pryder/GitHub/pearlryder_projects/2021_01_14_FibrilAnalysis_RIT_GaborskiLab/data/Batch_2/hr_24/HP05_A/15,876.1513488354052,760.00727265675,2
76,1,file:/Users/pryder/GitHub/pearlryder_projects/2021_01_14_FibrilAnalysis_RIT_GaborskiLab/data/Batch_2/hr_24/HP05_A/17/24hr_w2GFP.TIF,0,0,GFP,17,HP05_A,hr_24,24hr,24hr_w2GFP.TIF,/Users/pryder/GitHub/pearlryder_projects/2021_01_14_FibrilAnalysis_RIT_GaborskiLab/data/Batch_2/hr_24/HP05_A/17,360.1050696665564,285.30932686298297,1
77,1,file:/Users/pryder/GitHub/pearlryder_projects/2021_01_14_FibrilAnalysis_RIT_GaborskiLab/data/Batch_2/hr_24/HP05_A/18/24hr_w2GFP.TIF,0,0,GFP,18,HP05_A,hr_24,24hr,24hr_w2GFP.TIF,/Users/pryder/GitHub/pearlryder_projects/2021_01_14_FibrilAnalysis_RIT_GaborskiLab/data/Batch_2/hr_24/HP05_A/18,326.6208257201726,889.7464331532092,1
79,1,file:/Users/pryder/GitHub/pearlryder_projects/2021_01_14_FibrilAnalysis_RIT_GaborskiLab/data/Batch_2/hr_24/HP05_A/20/24hr_w2GFP.TIF,0,0,GFP,20,HP05_A,hr_24,24hr,24hr_w2GFP.TIF,/Users/pryder/GitHub/pearlryder_projects/2021_01_14_FibrilAnalysis_RIT_GaborskiLab/data/Batch_2/hr_24/HP05_A/20,893.4920229487583,56.4483259981138,1
80,1,file:/Users/pryder/GitHub/pearlryder_projects/2021_01_14_FibrilAnalysis_RIT_GaborskiLab/data/Batch_2/hr_24/HP05_A/21/24hr_w2GFP.TIF,0,0,GFP,21,HP05_A,hr_24,24hr,24hr_w2GFP.TIF,/Users/pryder/GitHub/pearlryder_projects/2021_01_14_FibrilAnalysis_RIT_GaborskiLab/data/Batch_2/hr_24/HP05_A/21,336.1531717820767,375.94767243147174,1
81,1,file:/Users/pryder/GitHub/pearlryder_projects/2021_01_14_FibrilAnalysis_RIT_GaborskiLab/data/Batch_2/hr_24/HP05_A/22/24hr_w2GFP.TIF,0,0,GFP,22,HP05_A,hr_24,24hr,24hr_w2GFP.TIF,/Users/pryder/GitHub/pearlryder_projects/2021_01_14_FibrilAnalysis_RIT_GaborskiLab/data/Batch_2/hr_24/HP05_A/22,544.8944821665496,790.6927729649575,1
81,2,file:/Users/pryder/GitHub/pearlryder_projects/2021_01_14_FibrilAnalysis_RIT_GaborskiLab/data/Batch_2/hr_24/HP05_A/22/24hr_w2GFP.TIF,0,0,GFP,22,HP05_A,hr_24,24hr,24hr_w2GFP.TIF,/Users/pryder/GitHub/pearlryder_projects/2021_01_14_FibrilAnalysis_RIT_GaborskiLab/data/Batch_2/hr_24/HP05_A/22,639.9969898784664,878.6502991308274,2
81,3,file:/Users/pryder/GitHub/pearlryder_projects/2021_01_14_FibrilAnalysis_RIT_GaborskiLab/data/Batch_2/hr_24/HP05_A/22/24hr_w2GFP.TIF,0,0,GFP,22,HP05_A,hr_24,24hr,24hr_w2GFP.TIF,/Users/pryder/GitHub/pearlryder_projects/2021_01_14_FibrilAnalysis_RIT_GaborskiLab/data/Batch_2/hr_24/HP05_A/22,473.0164138605934,954.9638361282861,3
83,1,file:/Users/pryder/GitHub/pearlryder_projects/2021_01_14_FibrilAnalysis_RIT_GaborskiLab/data/Batch_2/hr_24/HP05_A/24/24hr_w2GFP.TIF,0,0,GFP,24,HP05_A,hr_24,24hr,24hr_w2GFP.TIF,/Users/pryder/GitHub/pearlryder_projects/2021_01_14_FibrilAnalysis_RIT_GaborskiLab/data/Batch_2/hr_24/HP05_A/24,180.88854838709676,294.84582949308754,1
83,2,file:/Users/pryder/GitHub/pearlryder_projects/2021_01_14_FibrilAnalysis_RIT_GaborskiLab/data/Batch_2/hr_24/HP05_A/24/24hr_w2GFP.TIF,0,0,GFP,24,HP05_A,hr_24,24hr,24hr_w2GFP.TIF,/Users/pryder/GitHub/pearlryder_projects/2021_01_14_FibrilAnalysis_RIT_GaborskiLab/data/Batch_2/hr_24/HP05_A/24,564.6472953627897,789.4335301024594,2
88,1,file:/Users/pryder/GitHub/pearlryder_projects/2021_01_14_FibrilAnalysis_RIT_GaborskiLab/data/Batch_2/hr_24/HP05_B/03/24hr_w2GFP.TIF,0,0,GFP,03,HP05_B,hr_24,24hr,24hr_w2GFP.TIF,/Users/pryder/GitHub/pearlryder_projects/2021_01_14_FibrilAnalysis_RIT_GaborskiLab/data/Batch_2/hr_24/HP05_B/03,413.5858328890243,842.1750019041816,1
92,1,file:/Users/pryder/GitHub/pearlryder_projects/2021_01_14_FibrilAnalysis_RIT_GaborskiLab/data/Batch_2/hr_24/HP05_B/07/24hr_w2GFP.TIF,0,0,GFP,07,HP05_B,hr_24,24hr,24hr_w2GFP.TIF,/Users/pryder/GitHub/pearlryder_projects/2021_01_14_FibrilAnalysis_RIT_GaborskiLab/data/Batch_2/hr_24/HP05_B/07,647.9669755720847,114.56649595577775,1
99,1,file:/Users/pryder/GitHub/pearlryder_projects/2021_01_14_FibrilAnalysis_RIT_GaborskiLab/data/Batch_2/hr_24/HP05_B/14/24hr_w2GFP.TIF,0,0,GFP,14,HP05_B,hr_24,24hr,24hr_w2GFP.TIF,/Users/pryder/GitHub/pearlryder_projects/2021_01_14_FibrilAnalysis_RIT_GaborskiLab/data/Batch_2/hr_24/HP05_B/14,583.4474927578889,248.1056960946819,1
99,2,file:/Users/pryder/GitHub/pearlryder_projects/2021_01_14_FibrilAnalysis_RIT_GaborskiLab/data/Batch_2/hr_24/HP05_B/14/24hr_w2GFP.TIF,0,0,GFP,14,HP05_B,hr_24,24hr,24hr_w2GFP.TIF,/Users/pryder/GitHub/pearlryder_projects/2021_01_14_FibrilAnalysis_RIT_GaborskiLab/data/Batch_2/hr_24/HP05_B/14,48.982813227759664,293.7899394503959,2
103,1,file:/Users/pryder/GitHub/pearlryder_projects/2021_01_14_FibrilAnalysis_RIT_GaborskiLab/data/Batch_2/hr_24/HP05_B/18/24hr_w2GFP.TIF,0,0,GFP,18,HP05_B,hr_24,24hr,24hr_w2GFP.TIF,/Users/pryder/GitHub/pearlryder_projects/2021_01_14_FibrilAnalysis_RIT_GaborskiLab/data/Batch_2/hr_24/HP05_B/18,80.37808840659677,953.1174667402366,1
106,1,file:/Users/pryder/GitHub/pearlryder_projects/2021_01_14_FibrilAnalysis_RIT_GaborskiLab/data/Batch_2/hr_24/HP05_B/21/24hr_w2GFP.TIF,0,0,GFP,21,HP05_B,hr_24,24hr,24hr_w2GFP.TIF,/Users/pryder/GitHub/pearlryder_projects/2021_01_14_FibrilAnalysis_RIT_GaborskiLab/data/Batch_2/hr_24/HP05_B/21,686.7678131107417,114.88690204387295,1
108,1,file:/Users/pryder/GitHub/pearlryder_projects/2021_01_14_FibrilAnalysis_RIT_GaborskiLab/data/Batch_2/hr_24/HP05_B/23/24hr_w2GFP.TIF,0,0,GFP,23,HP05_B,hr_24,24hr,24hr_w2GFP.TIF,/Users/pryder/GitHub/pearlryder_projects/2021_01_14_FibrilAnalysis_RIT_GaborskiLab/data/Batch_2/hr_24/HP05_B/23,938.3161730928246,359.6838881572903,1
108,2,file:/Users/pryder/GitHub/pearlryder_projects/2021_01_14_FibrilAnalysis_RIT_GaborskiLab/data/Batch_2/hr_24/HP05_B/23/24hr_w2GFP.TIF,0,0,GFP,23,HP05_B,hr_24,24hr,24hr_w2GFP.TIF,/Users/pryder/GitHub/pearlryder_projects/2021_01_14_FibrilAnalysis_RIT_GaborskiLab/data/Batch_2/hr_24/HP05_B/23,229.77938641847638,950.7768011030679,2
109,1,file:/Users/pryder/GitHub/pearlryder_projects/2021_01_14_FibrilAnalysis_RIT_GaborskiLab/data/Batch_2/hr_24/HP3/01/24hr_w2GFP.TIF,0,0,GFP,01,HP3,hr_24,24hr,24hr_w2GFP.TIF,/Users/pryder/GitHub/pearlryder_projects/2021_01_14_FibrilAnalysis_RIT_GaborskiLab/data/Batch_2/hr_24/HP3/01,492.3655877870483,585.460413814481,1
110,1,file:/Users/pryder/GitHub/pearlryder_projects/2021_01_14_FibrilAnalysis_RIT_GaborskiLab/data/Batch_2/hr_24/HP3/02/24hr_w2GFP.TIF,0,0,GFP,02,HP3,hr_24,24hr,24hr_w2GFP.TIF,/Users/pryder/GitHub/pearlryder_projects/2021_01_14_FibrilAnalysis_RIT_GaborskiLab/data/Batch_2/hr_24/HP3/02,933.2363115794445,881.5310074087192,1
113,1,file:/Users/pryder/GitHub/pearlryder_projects/2021_01_14_FibrilAnalysis_RIT_GaborskiLab/data/Batch_2/hr_24/HP3/05/24hr_w2GFP.TIF,0,0,GFP,05,HP3,hr_24,24hr,24hr_w2GFP.TIF,/Users/pryder/GitHub/pearlryder_projects/2021_01_14_FibrilAnalysis_RIT_GaborskiLab/data/Batch_2/hr_24/HP3/05,936.7788854550893,412.99212441431564,1
114,1,file:/Users/pryder/GitHub/pearlryder_projects/2021_01_14_FibrilAnalysis_RIT_GaborskiLab/data/Batch_2/hr_24/HP3/06/24hr_w2GFP.TIF,0,0,GFP,06,HP3,hr_24,24hr,24hr_w2GFP.TIF,/Users/pryder/GitHub/pearlryder_projects/2021_01_14_FibrilAnalysis_RIT_GaborskiLab/data/Batch_2/hr_24/HP3/06,357.14092202331494,79.45610192109173,1
114,2,file:/Users/pryder/GitHub/pearlryder_projects/2021_01_14_FibrilAnalysis_RIT_GaborskiLab/data/Batch_2/hr_24/HP3/06/24hr_w2GFP.TIF,0,0,GFP,06,HP3,hr_24,24hr,24hr_w2GFP.TIF,/Users/pryder/GitHub/pearlryder_projects/2021_01_14_FibrilAnalysis_RIT_GaborskiLab/data/Batch_2/hr_24/HP3/06,420.2365956042747,447.8686231737943,2
122,1,file:/Users/pryder/GitHub/pearlryder_projects/2021_01_14_FibrilAnalysis_RIT_GaborskiLab/data/Batch_2/hr_24/HP3/14/24hr_w2GFP.TIF,0,0,GFP,14,HP3,hr_24,24hr,24hr_w2GFP.TIF,/Users/pryder/GitHub/pearlryder_projects/2021_01_14_FibrilAnalysis_RIT_GaborskiLab/data/Batch_2/hr_24/HP3/14,880.5037835064768,951.0383480825959,1
123,1,file:/Users/pryder/GitHub/pearlryder_projects/2021_01_14_FibrilAnalysis_RIT_GaborskiLab/data/Batch_2/hr_24/HP3/15/24hr_w2GFP.TIF,0,0,GFP,15,HP3,hr_24,24hr,24hr_w2GFP.TIF,/Users/pryder/GitHub/pearlryder_projects/2021_01_14_FibrilAnalysis_RIT_GaborskiLab/data/Batch_2/hr_24/HP3/15,897.1728510233222,243.13485007139457,1
124,1,file:/Users/pryder/GitHub/pearlryder_projects/2021_01_14_FibrilAnalysis_RIT_GaborskiLab/data/Batch_2/hr_24/HP3/16/24hr_w2GFP.TIF,0,0,GFP,16,HP3,hr_24,24hr,24hr_w2GFP.TIF,/Users/pryder/GitHub/pearlryder_projects/2021_01_14_FibrilAnalysis_RIT_GaborskiLab/data/Batch_2/hr_24/HP3/16,175.7426746623763,952.8537370191605,1
125,1,file:/Users/pryder/GitHub/pearlryder_projects/2021_01_14_FibrilAnalysis_RIT_GaborskiLab/data/Batch_2/hr_24/HP3/17/24hr_w2GFP.TIF,0,0,GFP,17,HP3,hr_24,24hr,24hr_w2GFP.TIF,/Users/pryder/GitHub/pearlryder_projects/2021_01_14_FibrilAnalysis_RIT_GaborskiLab/data/Batch_2/hr_24/HP3/17,766.1632013807872,210.90475125053936,1
125,2,file:/Users/pryder/GitHub/pearlryder_projects/2021_01_14_FibrilAnalysis_RIT_GaborskiLab/data/Batch_2/hr_24/HP3/17/24hr_w2GFP.TIF,0,0,GFP,17,HP3,hr_24,24hr,24hr_w2GFP.TIF,/Users/pryder/GitHub/pearlryder_projects/2021_01_14_FibrilAnalysis_RIT_GaborskiLab/data/Batch_2/hr_24/HP3/17,133.89568111706447,749.0064133787953,2
127,1,file:/Users/pryder/GitHub/pearlryder_projects/2021_01_14_FibrilAnalysis_RIT_GaborskiLab/data/Batch_2/hr_24/HP3/19/24hr_w2GFP.TIF,0,0,GFP,19,HP3,hr_24,24hr,24hr_w2GFP.TIF,/Users/pryder/GitHub/pearlryder_projects/2021_01_14_FibrilAnalysis_RIT_GaborskiLab/data/Batch_2/hr_24/HP3/19,186.5699810006333,176.60487868795178,1
128,1,file:/Users/pryder/GitHub/pearlryder_projects/2021_01_14_FibrilAnalysis_RIT_GaborskiLab/data/Batch_2/hr_24/HP3/20/24hr_w2GFP.TIF,0,0,GFP,20,HP3,hr_24,24hr,24hr_w2GFP.TIF,/Users/pryder/GitHub/pearlryder_projects/2021_01_14_FibrilAnalysis_RIT_GaborskiLab/data/Batch_2/hr_24/HP3/20,222.29566818800544,712.3299543598366,1
131,1,file:/Users/pryder/GitHub/pearlryder_projects/2021_01_14_FibrilAnalysis_RIT_GaborskiLab/data/Batch_2/hr_24/HP3/23/24hr_w2GFP.TIF,0,0,GFP,23,HP3,hr_24,24hr,24hr_w2GFP.TIF,/Users/pryder/GitHub/pearlryder_projects/2021_01_14_FibrilAnalysis_RIT_GaborskiLab/data/Batch_2/hr_24/HP3/23,278.7663914651799,151.58781429260708,1
131,2,file:/Users/pryder/GitHub/pearlryder_projects/2021_01_14_FibrilAnalysis_RIT_GaborskiLab/data/Batch_2/hr_24/HP3/23/24hr_w2GFP.TIF,0,0,GFP,23,HP3,hr_24,24hr,24hr_w2GFP.TIF,/Users/pryder/GitHub/pearlryder_projects/2021_01_14_FibrilAnalysis_RIT_GaborskiLab/data/Batch_2/hr_24/HP3/23,360.20037746157095,384.0929002458467,2
137,1,file:/Users/pryder/GitHub/pearlryder_projects/2021_01_14_FibrilAnalysis_RIT_GaborskiLab/data/Batch_2/hr_24/NP/06/24hr_w2GFP.TIF,0,0,GFP,06,NP,hr_24,24hr,24hr_w2GFP.TIF,/Users/pryder/GitHub/pearlryder_projects/2021_01_14_FibrilAnalysis_RIT_GaborskiLab/data/Batch_2/hr_24/NP/06,476.91145555375084,918.3865234239042,1
154,1,file:/Users/pryder/GitHub/pearlryder_projects/2021_01_14_FibrilAnalysis_RIT_GaborskiLab/data/Batch_2/hr_6/HP05/04/6hr_w2GFP.TIF,0,0,GFP,04,HP05,hr_6,6hr,6hr_w2GFP.TIF,/Users/pryder/GitHub/pearlryder_projects/2021_01_14_FibrilAnalysis_RIT_GaborskiLab/data/Batch_2/hr_6/HP05/04,930.3086381012153,134.96582415701488,1
154,2,file:/Users/pryder/GitHub/pearlryder_projects/2021_01_14_FibrilAnalysis_RIT_GaborskiLab/data/Batch_2/hr_6/HP05/04/6hr_w2GFP.TIF,0,0,GFP,04,HP05,hr_6,6hr,6hr_w2GFP.TIF,/Users/pryder/GitHub/pearlryder_projects/2021_01_14_FibrilAnalysis_RIT_GaborskiLab/data/Batch_2/hr_6/HP05/04,818.3069239766082,258.19258479532164,2
170,1,file:/Users/pryder/GitHub/pearlryder_projects/2021_01_14_FibrilAnalysis_RIT_GaborskiLab/data/Batch_2/hr_6/HP3/02/6hr_w2GFP.TIF,0,0,GFP,02,HP3,hr_6,6hr,6hr_w2GFP.TIF,/Users/pryder/GitHub/pearlryder_projects/2021_01_14_FibrilAnalysis_RIT_GaborskiLab/data/Batch_2/hr_6/HP3/02,834.307564648019,227.69730846987116,1
170,2,file:/Users/pryder/GitHub/pearlryder_projects/2021_01_14_FibrilAnalysis_RIT_GaborskiLab/data/Batch_2/hr_6/HP3/02/6hr_w2GFP.TIF,0,0,GFP,02,HP3,hr_6,6hr,6hr_w2GFP.TIF,/Users/pryder/GitHub/pearlryder_projects/2021_01_14_FibrilAnalysis_RIT_GaborskiLab/data/Batch_2/hr_6/HP3/02,423.4481485344738,659.2789193699801,2
170,3,file:/Users/pryder/GitHub/pearlryder_projects/2021_01_14_FibrilAnalysis_RIT_GaborskiLab/data/Batch_2/hr_6/HP3/02/6hr_w2GFP.TIF,0,0,GFP,02,HP3,hr_6,6hr,6hr_w2GFP.TIF,/Users/pryder/GitHub/pearlryder_projects/2021_01_14_FibrilAnalysis_RIT_GaborskiLab/data/Batch_2/hr_6/HP3/02,814.9520954962469,874.3605261328885,3
172,1,file:/Users/pryder/GitHub/pearlryder_projects/2021_01_14_FibrilAnalysis_RIT_GaborskiLab/data/Batch_2/hr_6/HP3/04/6hr_w2GFP.TIF,0,0,GFP,04,HP3,hr_6,6hr,6hr_w2GFP.TIF,/Users/pryder/GitHub/pearlryder_projects/2021_01_14_FibrilAnalysis_RIT_GaborskiLab/data/Batch_2/hr_6/HP3/04,282.7239382579158,336.7441786789165,1
175,1,file:/Users/pryder/GitHub/pearlryder_projects/2021_01_14_FibrilAnalysis_RIT_GaborskiLab/data/Batch_2/hr_6/HP3/07/6hr_w2GFP.TIF,0,0,GFP,07,HP3,hr_6,6hr,6hr_w2GFP.TIF,/Users/pryder/GitHub/pearlryder_projects/2021_01_14_FibrilAnalysis_RIT_GaborskiLab/data/Batch_2/hr_6/HP3/07,684.5362806865088,60.3861611992179,1
175,2,file:/Users/pryder/GitHub/pearlryder_projects/2021_01_14_FibrilAnalysis_RIT_GaborskiLab/data/Batch_2/hr_6/HP3/07/6hr_w2GFP.TIF,0,0,GFP,07,HP3,hr_6,6hr,6hr_w2GFP.TIF,/Users/pryder/GitHub/pearlryder_projects/2021_01_14_FibrilAnalysis_RIT_GaborskiLab/data/Batch_2/hr_6/HP3/07,319.58140697238537,249.03188090180467,2
175,3,file:/Users/pryder/GitHub/pearlryder_projects/2021_01_14_FibrilAnalysis_RIT_GaborskiLab/data/Batch_2/hr_6/HP3/07/6hr_w2GFP.TIF,0,0,GFP,07,HP3,hr_6,6hr,6hr_w2GFP.TIF,/Users/pryder/GitHub/pearlryder_projects/2021_01_14_FibrilAnalysis_RIT_GaborskiLab/data/Batch_2/hr_6/HP3/07,940.4286099428448,843.0362611883965,3
176,1,file:/Users/pryder/GitHub/pearlryder_projects/2021_01_14_FibrilAnalysis_RIT_GaborskiLab/data/Batch_2/hr_6/HP3/08/6hr_w2GFP.TIF,0,0,GFP,08,HP3,hr_6,6hr,6hr_w2GFP.TIF,/Users/pryder/GitHub/pearlryder_projects/2021_01_14_FibrilAnalysis_RIT_GaborskiLab/data/Batch_2/hr_6/HP3/08,781.9198752605269,362.3148261326062,1
176,2,file:/Users/pryder/GitHub/pearlryder_projects/2021_01_14_FibrilAnalysis_RIT_GaborskiLab/data/Batch_2/hr_6/HP3/08/6hr_w2GFP.TIF,0,0,GFP,08,HP3,hr_6,6hr,6hr_w2GFP.TIF,/Users/pryder/GitHub/pearlryder_projects/2021_01_14_FibrilAnalysis_RIT_GaborskiLab/data/Batch_2/hr_6/HP3/08,519.9846755053605,643.3688108683199,2
177,1,file:/Users/pryder/GitHub/pearlryder_projects/2021_01_14_FibrilAnalysis_RIT_GaborskiLab/data/Batch_2/hr_6/HP3/09/6hr_w2GFP.TIF,0,0,GFP,09,HP3,hr_6,6hr,6hr_w2GFP.TIF,/Users/pryder/GitHub/pearlryder_projects/2021_01_14_FibrilAnalysis_RIT_GaborskiLab/data/Batch_2/hr_6/HP3/09,299.151187001543,107.26318529121973,1
177,2,file:/Users/pryder/GitHub/pearlryder_projects/2021_01_14_FibrilAnalysis_RIT_GaborskiLab/data/Batch_2/hr_6/HP3/09/6hr_w2GFP.TIF,0,0,GFP,09,HP3,hr_6,6hr,6hr_w2GFP.TIF,/Users/pryder/GitHub/pearlryder_projects/2021_01_14_FibrilAnalysis_RIT_GaborskiLab/data/Batch_2/hr_6/HP3/09,516.002804135768,536.4322621800494,2
177,3,file:/Users/pryder/GitHub/pearlryder_projects/2021_01_14_FibrilAnalysis_RIT_GaborskiLab/data/Batch_2/hr_6/HP3/09/6hr_w2GFP.TIF,0,0,GFP,09,HP3,hr_6,6hr,6hr_w2GFP.TIF,/Users/pryder/GitHub/pearlryder_projects/2021_01_14_FibrilAnalysis_RIT_GaborskiLab/data/Batch_2/hr_6/HP3/09,278.72460757156045,596.7134118190212,3
180,1,file:/Users/pryder/GitHub/pearlryder_projects/2021_01_14_FibrilAnalysis_RIT_GaborskiLab/data/Batch_2/hr_6/HP3/12/6hr_w2GFP.TIF,0,0,GFP,12,HP3,hr_6,6hr,6hr_w2GFP.TIF,/Users/pryder/GitHub/pearlryder_projects/2021_01_14_FibrilAnalysis_RIT_GaborskiLab/data/Batch_2/hr_6/HP3/12,763.1723775038796,699.0966412785616,1
180,2,file:/Users/pryder/GitHub/pearlryder_projects/2021_01_14_FibrilAnalysis_RIT_GaborskiLab/data/Batch_2/hr_6/HP3/12/6hr_w2GFP.TIF,0,0,GFP,12,HP3,hr_6,6hr,6hr_w2GFP.TIF,/Users/pryder/GitHub/pearlryder_projects/2021_01_14_FibrilAnalysis_RIT_GaborskiLab/data/Batch_2/hr_6/HP3/12,244.69490745655943,948.8618041547227,2
181,1,file:/Users/pryder/GitHub/pearlryder_projects/2021_01_14_FibrilAnalysis_RIT_GaborskiLab/data/Batch_2/hr_6/HP3/13/6hr_w2GFP.TIF,0,0,GFP,13,HP3,hr_6,6hr,6hr_w2GFP.TIF,/Users/pryder/GitHub/pearlryder_projects/2021_01_14_FibrilAnalysis_RIT_GaborskiLab/data/Batch_2/hr_6/HP3/13,188.76344445796326,61.65531086506874,1
181,2,file:/Users/pryder/GitHub/pearlryder_projects/2021_01_14_FibrilAnalysis_RIT_GaborskiLab/data/Batch_2/hr_6/HP3/13/6hr_w2GFP.TIF,0,0,GFP,13,HP3,hr_6,6hr,6hr_w2GFP.TIF,/Users/pryder/GitHub/pearlryder_projects/2021_01_14_FibrilAnalysis_RIT_GaborskiLab/data/Batch_2/hr_6/HP3/13,475.36056264404687,293.63943735595313,2
181,3,file:/Users/pryder/GitHub/pearlryder_projects/2021_01_14_FibrilAnalysis_RIT_GaborskiLab/data/Batch_2/hr_6/HP3/13/6hr_w2GFP.TIF,0,0,GFP,13,HP3,hr_6,6hr,6hr_w2GFP.TIF,/Users/pryder/GitHub/pearlryder_projects/2021_01_14_FibrilAnalysis_RIT_GaborskiLab/data/Batch_2/hr_6/HP3/13,933.0183445684606,460.9123383799315,3
182,1,file:/Users/pryder/GitHub/pearlryder_projects/2021_01_14_FibrilAnalysis_RIT_GaborskiLab/data/Batch_2/hr_6/HP3/14/6hr_w2GFP.TIF,0,0,GFP,14,HP3,hr_6,6hr,6hr_w2GFP.TIF,/Users/pryder/GitHub/pearlryder_projects/2021_01_14_FibrilAnalysis_RIT_GaborskiLab/data/Batch_2/hr_6/HP3/14,126.09649566169657,665.6564737595821,1
182,2,file:/Users/pryder/GitHub/pearlryder_projects/2021_01_14_FibrilAnalysis_RIT_GaborskiLab/data/Batch_2/hr_6/HP3/14/6hr_w2GFP.TIF,0,0,GFP,14,HP3,hr_6,6hr,6hr_w2GFP.TIF,/Users/pryder/GitHub/pearlryder_projects/2021_01_14_FibrilAnalysis_RIT_GaborskiLab/data/Batch_2/hr_6/HP3/14,123.80494838467004,854.5869937727254,2
183,1,file:/Users/pryder/GitHub/pearlryder_projects/2021_01_14_FibrilAnalysis_RIT_GaborskiLab/data/Batch_2/hr_6/HP3/15/6hr_w2GFP.TIF,0,0,GFP,15,HP3,hr_6,6hr,6hr_w2GFP.TIF,/Users/pryder/GitHub/pearlryder_projects/2021_01_14_FibrilAnalysis_RIT_GaborskiLab/data/Batch_2/hr_6/HP3/15,401.82381968237553,236.76438899303983,1
183,2,file:/Users/pryder/GitHub/pearlryder_projects/2021_01_14_FibrilAnalysis_RIT_GaborskiLab/data/Batch_2/hr_6/HP3/15/6hr_w2GFP.TIF,0,0,GFP,15,HP3,hr_6,6hr,6hr_w2GFP.TIF,/Users/pryder/GitHub/pearlryder_projects/2021_01_14_FibrilAnalysis_RIT_GaborskiLab/data/Batch_2/hr_6/HP3/15,376.8261138481882,515.4469042591763,2
184,1,file:/Users/pryder/GitHub/pearlryder_projects/2021_01_14_FibrilAnalysis_RIT_GaborskiLab/data/Batch_2/hr_6/HP3/16/6hr_w2GFP.TIF,0,0,GFP,16,HP3,hr_6,6hr,6hr_w2GFP.TIF,/Users/pryder/GitHub/pearlryder_projects/2021_01_14_FibrilAnalysis_RIT_GaborskiLab/data/Batch_2/hr_6/HP3/16,766.9694227664155,133.50913280409043,1
197,1,file:/Users/pryder/GitHub/pearlryder_projects/2021_01_14_FibrilAnalysis_RIT_GaborskiLab/data/Batch_2/hr_6/NP/13/6hr_w2GFP.TIF,0,0,GFP,13,NP,hr_6,6hr,6hr_w2GFP.TIF,/Users/pryder/GitHub/pearlryder_projects/2021_01_14_FibrilAnalysis_RIT_GaborskiLab/data/Batch_2/hr_6/NP/13,60.70349131922443,288.5441008744139,1
